{"file_hashes":[{"block_hashes":["txOnrqhpY60NxJwxDdW5HTV5Ww2OHv2XuAFgj59s124="],"block_size":4096,"path":"README.md"},{"block_hashes":["nfzD33w5pU+EaXWn3g96JvOgvsM8CAYQE6OS304Mb+o=","RdMCrbVbt3u2epQLxM7Sky7J1p6uP9WLnqW5oxvlQ7g=","yKiYTm+M2bLdBXc+qGcZaEqmY8S3KxXNzEo2fUnhPlg=","O6jpq2f0gR1fbqwd/Harxdp6CJtiUIXNg9qtJ/EHulk=","fywIxUa0GOlvjN+ocut0NT2ukr0T0hJV0BgGG3Wak8g=","4tGMylSvoSbCgaJdVt23DSER3p2H5sOS/bpjFLh/cuw=","DD+vvkoEP0VlTdbe3/zOTJCje4UgA1pyCRIXYYtMfqA=","lzqFv4cnZyhd8ulkf+PTyf8LMXvE5SJmfBHBP2RDP2o=","aKayOKQmQ7U57izqsN2LYSFjK08QyNmfmig4qePUMIo=","z0Jz1vKQYeQvwjrLbd9QRz5DN5Tsmnq0kNlfy1obOm8=","VG0rWhChRyZeuBgidL+uHAF9shSnKkelY+8iuLsGRIs=","eC7e98Qf4ZtInAcYN5gRvU8bqNCZ70iyqR5rA6PH+jQ=","2h5XdreIZPhsZFfO4N3KaPLssnFR5kIlf5rjlZE57KY=","lc4swhdgSLRTFXPo/CFb/YBiWaxztClWYP6ZPZv906Y=","nCHPiwNX0lUNt77N1t+icpe0yyL5r/tMOXgS5kr1MbQ=","IWSpavwvU2CZC3IIQyxZBj9oTdfKATWcboVgMpKx5ZE=","k8nXyk6RBxGkvMAWz7pYXa61wWJbQGfouhYIecXoZGQ=","60/b9yRvVCCWFALsLnS8jJxL8xMUiIP49TltmiGYK7I=","BP4pgi4KYvC6hn5mefvWSfo42Yr3cN/94KaXC8OgW58=","PeIxQu4gA9l/tfHNLJmqmEAeAvlLIiQUksnLWSLLjUA=","8iPukGJBpoGFgdtYE9twoH0KxWNXpdOztapJ0taFdGk=","F9gf4HgiYbyLN/S2MUW7jmoUkUn6lL5YloF7Nt+a2z0=","0J9UxMILuQpWmKpbPReoEj7uPnvOhkgTYCO543v3gAs=","i7HaNj8TSB5lpV1WKWyHzF3NHDqxuMxjy9Xz1HRXhSA=","adfGXZA4gYSLbddpHFeUbzKh8VjdhdpeNvm43g+jJGg=","uWrsPoChjWuP8YoWLtCAYmnWn0dbnm9rd1SGPk6yEI0=","UOeNk9+pBtgOWbegMyiedEyo1QnGkPXs2Ky1/Y0PDto=","d68DrE5fdLQKdH4Zk6H2NIWZbppj9ngvzWUoS5h+XXE=","JFZcwWgwWwWdTgaB+43+hdr4W9+BphBOidBUrWR+YLk=","VuACW4cHN0YqgG4D0rhJN5PMPmAHv7hr9tFfXhV0gGg=","C7HJUNtuGgA5bbWj8bCmMILuFWpBJPy1JTZ59cG3/JA=","C3eD6QTZpWLONf6yX61r5XxEIthMUSZ0ugheidqFxHg=","2XmqiZBbsjKsd9x2yvHRCIG6IKHso/E8R7fJ6p9ET4k=","jwPfzaDR9uWEXSvBEHO2r+PUx3gEIiAeasjKGwV1m14=","m4DxGp8hcHMH/EyOQhhFF6LiLNm+ziPhjGSx4qDidnk=","93vQ/MCOFKSNcLzYEfj4tL7JTtLMeTGjnuHWSu4QqlI=","ZI1dErxPx5/h5G9RURvjljtpVF+Vl4xjJn4GO5QUzpo=","d7cm1wjriFpjcAmNyAjK4rTculB/GHHsbQD0WgGGTGk=","lgyzu8+dybEGQfiP6PI4ZOaktUEOqF4EGwtz1zzMKVg=","VkjngUGIPQqR8WzYUUqYlk2++pY6LwvUt8/baK9sxMc=","Lnt6VVWxp9JaC/x/8rhnRYEdJ4NktOprgTLKHFzCLvE=","AV5/A7ZJFgpjmz0E11VPSKrxLNu4cY8PHUtCprceqJo=","ugTK0dW2L1kwjHbsyUg7dHXmumI781CPhGULar6FNF0=","HW1y0O/jA7eeuEu+MI4xN03TN2H2Ewq83Z4+z2nJhBw=","buNITKU/DiHOzA0Ru18ITbFs5dIE6Qi9pJk12sQbwy8=","wlTiuZF63J/8bM/eHvSAc5gvzy14QuAcURUYrjbFszM=","mFzL23IdlhoAlaiUhxOdyNMTpfvRboEhx5Un3h1CnA4=","ReIyK34AeBA9AlUNRz+idnWzetFbI7LaXpTXTVa5Epo=","wKkhR2cPmPu0CUOVgIMV0dnn/U0oVLNQpk/k4W9G20Y=","HFgx5WhL3J8iL3G+LpQgEHqpmpw4r/h5T+NBKC3YRYA=","vEahMRBNjk3PkOXv+O7wkdTU6lkC6UuGyvKFiI3aciA=","pVNfOWDdM0+YKUFguadXe0/ca4D5yo0aRrxPt/NUxdA=","HXz8JrMneKZSmlruVWftK8OBzWC0LcT/xb+pt1n05Jw="],"block_size":4096,"path":"docs/autocomplete.png"},{"block_hashes":["UsGBn5JrKWsB/29ASg+dvJtmW99xCXRpwkS5492fKZI=","2UZhxBbcwbim0mt8msaQGeOao6i0QT5fbswBVf/v2lE=","3W4WjJr94S4zecfMDikT8u08Z9wAVgH4HFSL6TVJzs0=","dsl+RbgE1sXH3ujKQmtl5ZBMPAC3LQF3hZDrc5H7ppo=","jnToGNpiuOgla6EIxMkNRwjX7Bq3EgzJMKEusplCtvE=","q/RUYxwbobXtQRbvKZpYVzW7JB8CQTj4xlXpmGRCatw=","OK+N0SuTyVcBqA0MaG9qEQatCpQ1xPlCfkDxFNhC6w4=","HEtVpTwc91KxyOQ1XKcXTl7Z6AsJQs1CzWAIt/mSJyE=","vRvCglY603o+TvCAt62lUM9in+rJ2nMxTFa+OTG9Hhk=","cqTCKbeIVZXbTv59RrPnRgIoqIsx6fSaB/oxlbWAfdU=","yBZiVfyhpSnYi7MK3o/W73f20MjgYd3XZqost3o/BEo=","Gj9Bdsl36CfKafm0BYFt7OQ22CgUf2i7XN/8g34Q5dI=","2eeHiQAV+T/P5v19UsJhQaKkv4XqD11uEpWfxAUDdHY=","kqHw3ypCmPcQ8VRcQt3pVQkm6p1T9r3fRZodVtYkWlE=","9WdaL90/hFnJb2CXH9m8DV95H7VJTD/r0p8pZ62ryIo=","1aEt/6CIrdg51k1yAFpDXbWkcTFEfYUozo9BrZw2aFI=","7MaIxQVDk7+kvxHtJB9xwFzDr61ER13Cl+IVhVTCbWs=","HYJRdgyq9PfgAmwKLVtR66U9iItmB3c0rLrO6DIoUdE=","Dw7fx1nh5dCyDIWgjKrOOBdCQARXxnaFz45w5RP30BU=","ScrXLXDiUD26zg+YtQjw9bnNxOjkGedib46qR58xIQA=","D2pryoF7e+Ol9IZ2DmM6+GKRRd8j5pbZtLyNAWXhBMo=","V0lENgYuLzgvozlvnT12aXXmcZAC9PeEXKve9LNoK1k=","ZYUyrVS9JlhkZ3yWWs5TQfdnkWjS6R1qaliw5KD+X0g=","wIAvz3Ex2vElKH61XsIWPi2+YJJ1kubkC2EePOJaHBY=","jnGg4NDSN8axaDihaIUa1+MjvAJF4m8qH42a44nWyQ0=","4e0bvYC+1/P24MGZo/w2REQZgNxwZcU4i1feyJ4kPxA=","uObTEiHoIK0tT+0PbWYVHR7h/oCpW2rDktuaEkLGbnY=","Z7PnvhkeVlzZvr+H9zbSkCSy4riivdSYwDbCY/KxAeg=","hNlbYk1yBdZpKWNz0nmWpHXv+jsQX2CyOuQsRrFS6Es=","jJAfOznCwd2a6xoHrKX4orqtYPDCeWJkXTJZ6im3mkU="],"block_size":4096,"path":"docs/broken.png"},{"block_hashes":["Vn9x92l4SGevxXrWLjielrsiN16jlpupD0kCj/Y6AVU=","cvyd7cwSHe79/Muko4xY/U3N7StlGXaoDyT68eZRbAg=","Qj1ryyLi8SxxBV17IZo2lZ5PLzEWc9Lnk4Vz8XXGxgw=","HkGPhdduxR67SnZcE8XQ3O7HNxSBpiZ5OpsDR/Xk6e8=","vcqR04bdq/iB/7TQ0ZOd1NrdabheUF4oKOuGjundOoM=","FBCHNTGlqnZV0lGALu9sl6iMSzbPjjebo0Wf7Ozza24=","D8oFRUEAhSo+cMDFVd7gZ6lOEXSa6IhxYt/yqSVZHu0=","CAzRQApqlZP2z8RGVjT9xRE8VkTLvAZ1PT1SRO+/P0Q=","rJdIPusVjz1wBD0ePqlj0rNKwBYW3zxwxe60ke3c49U=","plVRhk1mrbCurfqI84DrCpol/KgCgNiS+t4kZ3vbZLw=","98mGzlPyR3wyf4+CKdFReqz48QFExpbgPC2YJe0sXwE=","Pxwypvg+5MjUoxVHyCLsE9o5yXiJ22nz56+W9n2zY6s=","lBtKuSHWGZwTosTAV1qgI0MB08xczFihUbKWhLigEFY=","Gc3+WnCUvPOAZ2yM7xaTukf7EZ4YmamX0AaD3bCFfVE=","6/iWBZMubX36aK5L4b8EdmTvgrkBWqr3fFIb1Gd4fm0=","yU1E6xjdQ3VMcw8ZZEi043a5OuRya/GCmxtnVfY7WW8=","+O3duHPahflZfmCtitvCv54h+vs0vc0UGX7fJMEPqFA=","X32SN200CDq3xxD3ZLGOMiACF5s6TQ74ZUplh8Y3aLo=","RJBvqKFFhPlWN7+nNGRyrvw9aTB6DxX/HxWo+9UkVuI=","PBQqU3THW0BAMXawtES1C6F+ElMv/Mxd5/uBuxR0fz0=","Zw8Kgjrqlbhqi17/i1PCXV8WXMp0RBbwK+xeUru7Mbg=","TXohcCuy3Cd8yBlbCYWaXILyMtvsWO7mDqMKsnZCdKQ=","9VgH3y32vvVoIp4RMYiZC1YLGVJ+aBEORqlZacjRt9M=","5D1Ya08xxe9J2IcwCXYxTqQOaxWJmyvmlTArjDIPBGg=","63MrXugVJrP2VUZaFa9ym+9rb39g/5FXbj7XEmskHoc=","pMSkrbgcJ6v5LbCy93CJaTjGwt00hrooJdsb742WRPE=","rte2ic0FtGFju3WONpFpF8LtnCgqBDIMxCEjqn8jgVY=","XrMPq4rwQ5BCkBuqMs8QrzpHYO8Io1kjjbW77sIqn2g=","Vj5asyO0lFm69dfv8jY/UgE/hCD+hJOXCOdRwZ05+3M=","XRQKB6vorD7GY6KU1PguxiXzU9CFC0qN3bnUnX8m2gc=","jBGXD9h04w3zxww2iNYra8sKY7t68oxRNrQASGM9AwI=","r4ioHMVsGLlHEO9yDQ3k04ciX9aOeE3ouYk10d//+zk=","q+6UUo0H6W5cElkPTqayA8ppPtvmwxTky57vF2sV4gw=","oFJ/qeODnhWNXnSbkEQcLKh07jWeU+Hk/ea3IjyY76Y=","CYXnwFEuB7V8jcLix1bZuR0qem9KZMkmcFluNQurKZE=","MPdajdSNlI7ndCa8oWCoKRTpYHvFJn8EPHPS24U/Op0=","KgMrxWvct8M08gZmPA+rwYpiRBVQ8jAach2LdhLXr6c="],"block_size":4096,"path":"docs/history.png"},{"block_hashes":["ceTAlr9zjYKgeWPt/qg3VAzLb04SWARc9ytLcewkjUc=","Fu/g4h6/5Dladg1PHHz8nIkSvtns3MDUObUs4s3BFk0=","kUBZrz/FZmovLvIjAr+hfVn55rUwH2T7BZIlDjJ3chc=","d8PDeAS0Kjaklp4opK2ICauICR6dqQc/o7OYcDT9aC8="],"block_size":4096,"path":"docs/requestformat.png"},{"block_hashes":["JVcKpr0+qUAlj7dfljgvKUhB5kvC4hb3vl/5EbdZVqQ=","2UZhxBbcwbim0mt8msaQGeOao6i0QT5fbswBVf/v2lE=","3W4WjJr94S4zecfMDikT8u08Z9wAVgH4HFSL6TVJzs0=","dsl+RbgE1sXH3ujKQmtl5ZBMPAC3LQF3hZDrc5H7ppo=","jnToGNpiuOgla6EIxMkNRwjX7Bq3EgzJMKEusplCtvE=","NdIqz6oj0OhGV5iFS3svhVgvI7IDGWWJRByJPE4f36M=","hWvE+miiXBrkTf4IqGK07ns9gUGCYn1IYrY5sw8WlvQ=","OZGskbJLZOMgw0fBWKaFmPVozKS6YNiKspS1pl2O2VQ=","9Ulk66Dx41ubuvZ3ah2UQu7bWEFW/x91dNeaG+s4yAM=","mS+uNiuieucjxSgKAuoxyn0f/zbego5Jt1Afw+BqQec=","W5EepwORuxZ2Ab4TanocgzpnyHWKwnZIfxsNG9KTf6M=","9uPXUAwhPXEcyKEUXN96Bs3gWTU/7mSMLQ+u/RQ7fb0=","Z72d/s+oxBofr3dVRFhlCrmxiInFAxVV+DXEWWQ51J0=","22YVOhje2uj6u5hPMQcg+FKWnB9GdMUQvBuZmzRPjXQ=","/8ygYcpa/2hm3uXoqszILzbCnR2CkSztfvlaDM4jUAo=","fdn0Nl6izseqsoj3O0RUqCOWX0H4363C7+4sxJMtGWs=","Ft+hleK+BlXvP6ImK1pD0YKz4aVsrQ94bVp2yAnNpIQ=","V0ljJTlq001z+VapGuEQsqwYg2y1YGwIwXuk4R4lO6k=","ZgpBQvMArehX0t5s8xm/BP9HJkL4pIlF1Pe6bAJLo2Q=","F7ZafnnNwv27gvWGeO4MIZ+WnhBBTTty7JSaNBmi/eQ=","nJDbT1GzIMBpISH8FE9oG5CdPS1zQycMZIP7ZB6JDT0=","ItEnymb2teuGfiBdyPALxwwT3RuJcj5NVvNgc3C48vM=","T+aH30q9lonr3qxTce1aNQE6j4PGj9q1IOpSgy5Qr6o=","X0ul+X55s37bHZXOYIjz8yEL9wRX9N7e/7eGYfEXDx0=","mRnhp5Ebrrh8xlMB0k6cKKXWuXlU3GlXKPECpxRRGzk=","yiozasTV6A5aT6m0VeZU9TUcTNkwAgURl0GnprDmAHQ=","KDuv+OKbqrybVFfuyvqw5Zt1miWQQsgQqafXrsdgsg0=","/kAbMP6ADJ9bEPg3j6ppz1ggg1czxOuCI7HJ7Dc4DPw=","DdbH+T8BYTKHJDBwQRn7e2M0dJNNCbOVmfsF+U4+zE0=","FpaFBWbgxkC8dXTejA6YLHR+njU3d2OPxwNMrkSExn0="],"block_size":4096,"path":"docs/syntaxhighlighting.png"},{"block_hashes":["KFBNlfblXCyep4lNKavoZTsi/cjs/4ZOLJ/uQDLAGmE="],"block_size":4096,"path":"favicon.ico"},{"block_hashes":["Il3zXasGDjgm5EL1O73Q3162vbBKOzmPNamsGr85szs=","c8rl2tk6HSOsA0tryvemTyUi3kMfTFi79GxZGIeMMnw="],"block_size":4096,"path":"index.html"},{"block_hashes":["J/MgLSv3CTpFYPPMlhjjX7KtKGv4utoFVXePL0BtA/U="],"block_size":4096,"path":"kb/aliases.js"},{"block_hashes":["fTSIwFKndoWW6eWH54c01EX3q0emSPS30Cfj+7A7mmM="],"block_size":4096,"path":"kb/cluster.js"},{"block_hashes":["XeLQ6oue23lmv0NPW6jWxcMGWlYo5nWqgUPVaLaC7dU="],"block_size":4096,"path":"kb/facets.js"},{"block_hashes":["ELwtuVQ8xEqb/t6VG3crzHFroJQRjeEKgBqR8rabsig=","ApVZFdLGosCQ9SQ1kqwg5Jvn1rlbKjFBs/ixcbibmhI="],"block_size":4096,"path":"kb/filter.js"},{"block_hashes":["gkDpqMoZMvBh68pLaBUIJ0fmCw4vgzmHJtjaZDD1z5s="],"block_size":4096,"path":"kb/globals.js"},{"block_hashes":["nMsRhW69gF3S2jwU5tmBvpJ7/lcyZ5PxUBkWXUY4TSA="],"block_size":4096,"path":"kb/indices.js"},{"block_hashes":["tFX4B58Nq+xg+xTsPHq5sh2XnvrwMrQErpZDoSPC7S8="],"block_size":4096,"path":"kb/mappings.js"},{"block_hashes":["rNOC/J5bIHPKJ4hywJbgevfC2JmZYmXtBwj6exm9Pbo="],"block_size":4096,"path":"kb/misc.js"},{"block_hashes":["QmJGkJhJdbBGNlfycu5JczaU7+tHmoSgkX32LJm/jNg=","YFttCcUbo04XAwEG/BjEs5YnH3QDChrga6WIQL3yhx0=","DbeUy6v8Gifp+detgdabLn/6PwAg/b59xqvhbCdC7LA="],"block_size":4096,"path":"kb/query.js"},{"block_hashes":["QK5ZTGfe1nRBGzG5IACoF2Dn2hRC9fV8af1aS07+4Lw="],"block_size":4096,"path":"kb/search.js"},{"block_hashes":["ffDMDzWHTxSDlB+wQnFke+8p6mcaJw1A9QPz6V/+dbs="],"block_size":4096,"path":"kb/settings.js"},{"block_hashes":["fiY5jdszFqx7YRobv5oKK0T1QORDwd01sdm0+xiu0Mg="],"block_size":4096,"path":"kb/templates.js"},{"block_hashes":["q7WHXKY+QC/ljln2BTfnlfp88C+jaIlRrA9JB1GS3oI="],"block_size":4096,"path":"kb/warmers.js"},{"block_hashes":["hvC5IHTs8wYDQtasiPh2H3VFCy7vW8PXGu5N8B2f/Yw=","dQPABsxVD9U2W+fYYVKOzPEYTT2ivMfc2ltaUVpaWQA=","vk4scEsVBHQMGpOZuP+Mwk8ukdJttSb9QiyiX0m5dZE=","cyy2JyCR6A7sRpUtyLpxlFPW/z1GMqyzdJ5t0r4IArk=","obIf2ywfCpySY87hNs+gWluUs6U2NbmPiQmHi0KPbZk=","voDIhc6csTAK1ZMBph3BYQXGPwb33hn4bmEr+ec5Oq8=","93pZLS/ZqWF2KuZxwJAauIkFcpZipKJOcH04NlwG0Ts=","EgIO3JFhlJW7dcR9swWYM3bIUobpVcEBit/Z71OfY7w=","idxSbcMDojgo/tBacVEHE/+m+zCi0LaAw5PAcVXOSjk=","bezvUkKe/X1nZYPSEWMTQlqmUn37daML7d0ov2cqbJc=","RX0B9x/fdvejP5oVCwDZG6v/8gVcf5yERi4XjETXtks=","E0+KNbCIdyMi9fUHEYXR1Y+tOrfPtJjj+PkYPDdSIfc=","tAE+BYJ9DayrQZwuIjkwDTqwyWAoKKmPAUhGEXP8H4I=","/OOcFGERrS7tYYET1R25YLx15ZlrBxqoaenfEypFLEo=","WHRQrGVJGxzM85FCt4YyJ/s8VBVcOAdEQAm4gtxOy0k=","p/WpiZKL3IUE0w2XFTpkXgNl868K14uMYCde9rKGqho=","nJKBrQoQ4Z/TAUvA6XNdsBs9iHQrGzBSD00FNwdpdX0=","5huSM3wBa8SOxfb5SYOarrvR9Sr9c5aDnqhdND25weA=","w0v6Wh/Fjfbmoo+vt7wL707SQ9whj20y9jbACPAp6Mg=","4CqOnoVXR8F7zF56PMQ1iwEIwoe6Gm04a0iJxgjB1Ok=","wX2KRxzCbJJ534i0VobeBCrMdR8I/nUZjIKWwlsfm2M=","k3lWqw1AoFixP9FmK0SKNFo7S4o4rf3f5DzCBwZIuvs=","+l0C6MEEmF4QSWlPhA5TjUQufem1lqj1sraZG6Ms+Qs=","s3HPh5EHTEtE0xhovpceZoO3wieV98jiFmWu7mNVQEE=","EVqCbBHsR2gX14ddQsxzg2zDkXelKcaooZDxgCpRBno="],"block_size":4096,"path":"lib/bootstrap/css/bootstrap.min.css"},{"block_hashes":["nT+S7gU9nBLEPnPHBos3ewqEf3pxQSz/HJyfHlHzsv8=","9hPAWvnOanZrmuP7xzwwUXyKGAPTFCqiUoT8E0mq8qo=","xFY/irQA47sGeG9GAAoQCGAi42HAthXbFT4fvVxaM6g="],"block_size":4096,"path":"lib/bootstrap/img/glyphicons-halflings-white.png"},{"block_hashes":["65yH2ItZir+9vEInguaLdhEiuvshZUHw947xxH/jP0Q=","tqJ0XFZ6R82/Q09gMkWYglF+FQOohmVUP0xfJBtOG9s=","Uy3xZs3AcWEiyN0u469dBCybS4H7ptOuSqznilReKiQ=","tGh/yGSbf9R4PrXyWxjbB40qeDKP0G/GCH6ZyrjY3y4="],"block_size":4096,"path":"lib/bootstrap/img/glyphicons-halflings.png"},{"block_hashes":["v8VmFGGAw0hVKJ/Dnn1/rSmM6V4uC3qpUNAAeOt11Is=","mbD8zT4WgftOLpFSwQRsgB965c66sxGnLVzomSGqmso=","Ei6x1XeliDkDScTxvttgFWW4x4Fp3ntnReoVfHpW9ow=","IjFCpScH1SN3S6b1woGB2vwGcwG1cdWGGKyyCvE9a8s=","qt5l5RzZjo7GNtlo/BwGtL8rzma9LprepAXxJyh++1k=","+JhZBiZBGMnKiNiEiVsG7z8/M5LnURo9oKdZAA03FGw=","8Cp4/p2v2UI/zLUk296X7MsIv52J/2RLujcyJZ3dx/w="],"block_size":4096,"path":"lib/bootstrap/js/bootstrap.min.js"},{"block_hashes":["7wqtcmyvycY07vFBmVxDCggDOTEOuQpPCNQYJylcz1Y=","lQFi5kSH7/G+FCMrivPm2ElSMBMpqYWCrhkTP+eAlIM=","rksGW1ZUNOhoAQyGH6GVaJa+PT2gCiJRxdwRXq0gQUg=","cU8tF4ovf1qCRhAUSg96vZQne5dV8BUuKMXm/PEny8k=","Kw/v8SFgcOPOAZHeJhNAVGPjGFs1zdF2xeultousDro=","nbXHxkqwSdHYNTOqbftLwMz0y5kfCwROZGYsGFhYu/c=","eeyhfuUP/28uCbG/afFytiVBDDQZZjdUahvviuUK5sI="],"block_size":4096,"path":"lib/font-awesome/css/font-awesome.min.css"},{"block_hashes":["LxbQVprtHdxdbddVzA7YSpQqnK0FKtwFlIw71HUCPcY=","jjP7PP+O3PV3JjzejsAF9ihtsFZr/cBIf3u0hWGH5zA=","Y6++AfILCsoGzMCPRJpYKWdj1ud5H/bvqwqu8JTUs5o=","zy5Q9QJ13GPZxNOczIfy+Hq3qRODIxPJExhzcV3kpvM=","3R735BzsBGa+Y4bGcvB8pWMMUbLIgVbAgMmO6VJB3pU=","tKvnxz3RD+h37WRFyC6ZwpF0IXgDHnJhLk+WbQcC0m4=","MxTn7g3P0P5X8/IAb3pb2RreoJ6bWPfMHfHLpTXUo6Y=","DMoUQtVVf0zKjp4BhXt5Br1swW8li9CDQMSlUFBRzwc=","jAU7ga9C7/8gb5ubMAHVt+hhig8MjTYbPW7+VM0Uvfk=","Buv1SVhfYpmjGU782gsmU6EvwLjeGqjeFEpL7I83aUQ=","qv57IX7zHjPavijO9uoeHGQCa/bafCEdA8vskKaUUL4=","YP2RiqK47TzMe3zeRmiuL6w+VT3IN6tHK6EUTrZebXs=","3zoRjvG4pDqUNpB4NhCd61MHZFxuGQh2W+rdH6EZtvk=","cwr+InuMm6Zc4RCdxeSgxNVS4xjGv9G9UB9+stHpiv8=","kh2CHwMg4TvcW97OdfpDx0ZiHH4zGW3dqVCzjPHZsNw=","Iux2H9vynq052relOzV+0bfm0rmLql79PZFcgnnVYk4="],"block_size":4096,"path":"lib/font-awesome/font/FontAwesome.otf"},{"block_hashes":["KFL38eKJQ+8XMI6Kwbue/rgZM45eNmw7QRkzgffpKmQ=","fdaOVFEd9P75jeYm+DqO92rMJn9HrSllMpr/ywaj5jc=","d7Oqb1DEKgnHF7M6GiEWPuBfJIAiOLb5e6xg833AATk=","t/j0iuTARSF5qSGHVwPq6uSdvcrrV04dYKwTlBkQB9c=","0nR4IfhP/C/3Q7EN/dbLUbNCFuDJDa1Mir0leop+gg4=","IvBbyXq5NiXSP0eB6+yj3aD4HUgmv2kEnZLubz61bbI=","Ic2mI9O52Saod8oLY9hgqKLSX8Ha2dBtcH8qyFYlzs8=","eY+glWE2gthWClFKFylHs+at1oW1xf8io+hTdgoqkZ4=","q+HouSyKucI8Z9o/B64DQ12Owy2slarW2qBkzsQXSAg=","T9Em9+kWZ3CTJBoIdRhRXCVKdZAiwqe6DHUVR7Z8HUM="],"block_size":4096,"path":"lib/font-awesome/font/fontawesome-webfont.eot"},{"block_hashes":["yoiM27Ju8sEKVc2+UtbLAdnuPBhq8xR58CxqHFSIrWU=","FqlHX4dKSPMBXHW0A++OfPfCeLlkU9SzHwY1k6F9Btk=","U5xKVk+FY99MMwX15l5KhMv2n+Ytyp323WBuGorO1js=","xgObsXI0q2OWKLlf1FUVyV9aURUtymj0Cm57iAhwyEo=","JTbuZBu7XPJmqfU2OvRa7A/td0r/kumm14AKgmlgkgg=","LjXBoV9q6Kijzjb2PKN19dKTk+JvJZ7bqSKa7BHh/zY=","zjMpdX6uDqE5iW6ffHGZxf9pTZK5iAZK7i++dXRXeh8=","1x2w078rb3hJLyPNOJWfhn91vFaGZ233rJC/6AEjgPQ=","p0w5UhVGvMeemb3I9kVW8WGT5KKOneqs5t3NFlHrgF8=","hgbex9IzGYygkM6QnUDL65G/FPYqdU5fTmVmiJ6uxv4=","ceB0UZaw5ggfWLQEd3KqyrUvKQgH2EBj6k+TZ9XzI+M=","8my1552XCm1qctlSfNqBRjQNC0VvpUBWOEd6MXiVpv8=","IKf0BHRTn1eM1fBKBvn7CB06IV9AGoGn8gWJBUo7cF4=","KgvKOkLUNlT9sBjdoDmerpkWQfbvnAX8HybnPRyE1Qc=","EpvbQRKdBAwv9FYsoQdSY3CPJsYePcpfOh5jpQNmpCE=","ND6Zxf6c6CwXysIOEcbyPlo7Dx4uFllP2fh1Q1HCJ2Q=","c/Fk+1v/YQJ6sC0WUzuceYy/h3ouZIsCsC1SpcrsvEE=","zYvPSYNeEmHqcbqSDIqu8CGyBCdUbOqJZt3bB9HnKoI=","rYUy2p274AxkBr6NyjyHli0vqSC8MfumNiSauwj9bhQ=","KmnIRFy7FLl6cpolU9lB6sk7XrzARV1y6vbS2Tqwbkc=","7IpPz0u6wHKKYLkl08gRAD/fPjesc5H9899TlBi4rcY=","agHFFJK+ZEPwK1DsESjKn0+nSKXhR0iiMQoq33rH2gc=","fjIrO3cLIyTkqQURNs+nL6Gkx9PYh6+TtRIja+cAoA8=","JEUSo57X/ousayCF8Q63jft3/bnSK3JoA6CB8/ML/H8=","zr3kuigvdmFRiZL0b++Dh4s55Iou5pKu4H7NKNidauY=","icU5UNUXGXTosawbEmY99OTcnxtV0J+lQBph0RUmbiw=","VamX4PrzeMXrJV8xA7e5qc5Y8WCws/xa9m6hFGj3FJk=","Hi58t8mQpmgBg4jKJqi9py7LwqXZQ4TJDOX1xaT1HWQ=","thhUr4AZ9/0ry+7U1M6PIVh12za6HuOTORJcqlxwdkc=","0Qe0UWlCJXocUTJO8zF9Ubsmv3uSunBvDj/unKkNgww=","XE/9iHpZU5JdhqHllr4jiovOHoemUIjiH75O5hx43gE=","SkiB7nwnqgBDZfwqwfrvRqe+YxnnWH6abx3U2YESBBc=","rJSrKfuOqq0bTCTVovBPnccwkUaifrqwMctdAnIK5MM=","LnGgo7w4zk6z9FkPDbj5yzSeUtbz03DxSLCtoxYZw7k=","dBJ+a2Ux7adgrL1xQu/XbXcW1MijNjr9XdvuMTbmVmE=","uhobckDfusIb3UBuFwxF9FztdlXjamGDxUR2fzi8pVU=","FDBrLcLNeA+EfN48aUpENXS6z/lUBgmLGJ1X/VKAtZU=","rJr6YebyqF8eK/bb8ck4/ZAN+1/y01sQhdvPAzkS1K8=","9ggfue8G2NMqr18S4R+xg2ZyO9hulekrbp+P6K2DudM=","MXA4GV8p+olfnMy42ja/EPDkruy8l63EZ/TSS2/gEEo=","XTVk9UTQGv7nOglqlUYVb76opuh+uLxb+eUOtjpEe+k=","SVFQN0hn3YdV3PAngHgTvT6CemHhw0lEYoWNXmU5aN8=","LGbXq2hwZxkelnezd89p0Ca50IzmmqOmQ2KDsmPwZ0o=","L0EmkyLXLzdGZFEiBzQJvgP4Nm3odPMCHEj9x5BGEJQ=","zxsVwZ5a1ifjnqP2B8FFqjdscDqz+6Y0FagkF08SO9k=","iLF+yQ3J7i/affYlMbJ10oFOqBb9rrG6lUnt6M6RMzY=","+ZQvt9ldQPYsXOtIYTLItQC975JU83jPny4b7yCYMn8=","25bDGSTeMN5Ar20rxXKO/WUE9n4KPVay2XBuXy8jhuw=","7ASF4TRpGlmOnKuUYYoBMhmLg6UiIxrqi4JvkAPqB+I="],"block_size":4096,"path":"lib/font-awesome/font/fontawesome-webfont.svg"},{"block_hashes":["a/fPXQF3tbNZfuEXJC0dX1XtHVMM/GKUHStqlN9raXI=","4ot6dT9oPHQeH/rQA1LwPoJSXETU5EGAYDcFS+aDdFs=","7B8rRMK6pHxDXsYykiGiUMIODL6M8r9akw3HzXse53Q=","Cfyn5A6x2nURVCAK8nCdrlRIYADgr3wF7KspXkcvWl8=","xOaTzlCVHwp3qvzptM8Ipf77iS/kEWYaQQdMRIIS+a8=","uzzJ5+jfBjRhZef4b8UICcg1M0qQZNmSOUprrosDhqI=","033lSVTiTEQ3odzsCkTnI2YjjqxxthtFFvfnz33t+5c=","My9YOB4SO+44XBe5QBHPQVUP0C5h49cwsVILeB0EIfM=","+L16DXOLunuQgsSeGtPPObG9arXIdXJmL6VxtydjQdA=","MOQ9YVp1OndjH4rWayGW300MYmjk8V1fydFUOUvo8AQ=","S8dPOD9ejqxTXX4nX2sbRmkhSgcNhnBFvr20SbaIveA=","I3jW2ZJPpPGOlwcw0Ihbt727WczTjT47ZX+WRGwurk0=","WU/nDG6MMPJl4f3uiNCvPKoKlM4C5AuxlT41fqZ2lLo=","NqAV7INNPzkeHCqcH8Rskp3vDloSD+KK0nAEt2IBCco=","fHHwU9Zl+EXpTale4GN6wJRh9t8BTpAU7rs9719KX+w=","uHgzKKqQ6XQJSyPQJiEa6pXno+lPwsECIbxWI4dnrSs=","3uFw4eXe2FrYeMQAwtSy5YhgbHvxurSD8q5/Zr0dhtA=","mx/Av0vofl8FS/CeLBp39XrJLHwhgI3vNvorqEYAHCE=","c5TToM0ZIhEYkHB9F3PoIDGTKc8g5BzdCoranPlPq2M=","Xe4kuzIu3p7PbfWg1aQHA3a40NwLDESSuuOVTWaEHkU="],"block_size":4096,"path":"lib/font-awesome/font/fontawesome-webfont.ttf"},{"block_hashes":["GCbne+5GIPsKKxW/b0dlxcJGOBR1oO/3XenB04Y+0Po=","pHUA1v4+15TN4MvZFg+jRqeai2x2f8N+RiBIPUFGCFY=","hX0oqhYKUs51SpnoLl+BS7kvsnjgMcyHkQKW4woW8LI=","zFCvjFdSahi2PB0gvTkIcpqTEazmWYMiZ8q+AnPMIFY=","O2FPxmGB1jKbqPk/vSGiIrVqLScrpcDvu0aybzKGQNw=","sPGRNvJ/qlhAWVlYc4tav4UL+LWb72LnbW2GrbydSrA=","skYxIzPrmgSLB2JKV7nip073xCWnheusTr/dmSR+6rA=","gGu+ZRM0K4+zrcuQER38LNcHyvSX7IT/tnOh15pO9bE=","t1uBcf+nh8E53W8vwZA/TLwksqRe9dWmBVh//9harNY=","TdfPk+IV4Zpvij8prGuZQAogJk8/yt0g5ava1IwWmq8=","XbYFFPzcIVUO3bWdylFYLw0xVS8GqCq0+7SCB1JV5j8="],"block_size":4096,"path":"lib/font-awesome/font/fontawesome-webfont.woff"},{"block_hashes":["LScLVNzO9NAa5KtCRgv+3p62aLEW7zMHScWMqzFSC4A=","iJ6hBnkDNw8J2/4f9GvQJmUz4eNdcc5S7BAb0QNrSxg=","RcVLye4fdg0yyFTraFML30wIgedA4beN4YYPgv19O0c=","HO75UlyubWf8zUNtFsb84t4mKqLv5cesh3ZkydleGG4=","Oc61Nsmqt9SdcUNer6TOQWfO+SuvWbRKlQSkWz9+tmU=","6vTOzUlG0uMZnhE1MPzQ5zFnkTwQ5R60UTDu/UwlSN0=","pCWDyWLTrvN2ty3pq96EHyYPYB78kNds4PtyLqY7teg=","8hLEGw+NMlEex6beNq3raXArNYeNcjIvIRcViJtIAPo=","vHxEAYUoHfjsp99ueTYcgURdh2VW2LrYuqqLk/wRVcs=","l07Cm0fuu/pNjq1ByKfDvdreT0NDNsMDjENVLaOx//A=","GwoI1Tn5tBofN6kpAl4n6y899DNI6s1iuF3KSBJ/3xw=","aqnqDlNBBLtR21k/5vnxKLfUJPZO4yX6LSNVdp28s1I=","ktEjAFshnwssxqSCz//+3bca1ffDNyFS8IMhECCWAS0=","4hPcUqiXc8q0NzfHcMmOW6c3X1RK5VBMWVaGyvB4FFw=","xgpTmSvvLiKIpDGSn3b8ofpA+LZt8t8dmj3OKHdpdmE=","7y9Vy3NUHJ/jwrTf8v8JcOMVeQi0ru3OPwSm+orbWZs=","qoN8sdutqUwlCUBj65Ggs5zOEmqi2NU0XkXSN1Nkccs=","ONiLN2A6uFNgBb1MB1XsxdO7MkZBlK93fjeZa0XmAbY=","g4TrEpCp+Y6l5zDKVVFFz1DgLykqO18lrSzWu0YbhnI=","CTUyU5bwnpwiKgQFC2+iT+D+R1W45IyBEDxxunDPAHk=","CEuMNRo3eLShi/7p1xXj6KO0C/Xk2n1TojUgixjMK+Q=","ztgkxBxCMUFLAswwOj4HtOXWXybTWlkJal5JNENy+AM=","7kFdeBNZeSGbzbxBpy5BLU5++yd3bS3agr/0SesSXuc="],"block_size":4096,"path":"lib/jquery-1.8.3.min.js"},{"block_hashes":["tcsIAVqdGqELY21WZtusoNTit/udx/ZgdnPL0AUZMJk="],"block_size":4096,"path":"lib/jqueryui/jquery-ui-1.9.2.custom.min.css"},{"block_hashes":["7q960KlYHV/+wdCyIF6XM317veQh9Ly5oDhxCqFAIxA=","WVd1UurgjLEGoD4eSrQz02BUt29smJgh3/x5BzjDJ2o=","1osk80M0jdfNvt40T1TvF7wMJaeB0M4Hkxl77xDIiyI=","NNbIBaCyjysoR2QwiRArueFgR1zpwIa94bxxfwaIde4=","PMSjjFh7+c3r+x25sXBKH7g+wp8p5c93MEb9EtlAnbE=","SwT6INsEjItsYA6f7FO2F3sd2WEhdtk6osEG392wkjs=","DlTyx7WGe0otPDHmJf9e7NRFzMVnkTgSKBJP1kSxchQ=","oKEUIXGjDztzejORHarZ/D3TGk2+VZmIr30L1Do+h4E=","GYxQtMzafVdTNeufgrfVZW2if7SbcQhsSlK8qMqvEbs=","PEEvjmDXYOuHLFCvanSvcUYYUza9e0L5j2uCIMILkkQ=","93oWh+M1sNGXacn3UOGWU6CgHJKFIzrE6Z9jIdUiUeE=","8019AawLZgEB4GDnWwmnXAJC01IyIQMZ9gWFe0P4guc=","39e5bALYjpipREU6SgjYZX6EK6yz830ntyjTQRbTk/c=","3/vmPYJ/SuOftlYsd8+yJWw/RJy4kVagOaGRiRg76p8=","6YpDzc1ILcETriuMSU3j7IOsKY50DVYQf8iUbZoSuy0=","Gwkr1jvlnnfyCkIbAkX96brlHcr2guIPp+ojsXBa0eI=","E9r+HHS/uAxFYCfbYy+BOzExaRnyibAID5Zl5RUsnNY="],"block_size":4096,"path":"lib/jqueryui/jquery-ui-1.9.2.custom.min.js"},{"block_hashes":["1Uacr+W9l9RdC0ijRspfKFubFHhtXKqF4mVFtDeWa1w=","mrY/d5ENssp+lVUhSkIkCTO5w4yr6cP8XXumbUxqivE=","viFnJ14JVUqEaVJOnl7M2Bv0rHwIoDSq9XeUOaQQLGw=","raz2lkGdBDDVU+Iwhb6OrLVdBfsl4qcA1Hic0iyLIqA="],"block_size":4096,"path":"lib/moment.min.js"},{"block_hashes":["RWMxSJHt8yH9O0x73waGORG0WRXMzRLEYH/0pcefFgI=","IF2YrS1gc4SxjyW/J0W4FSfc0f3S2cZ+7HY5EbaPEcw=","UrPI3+b7Dvar0fSTEDw/QefWznNs23C64YJ1VtNLqZc=","ve063LSRLTlrbZXM3jh1BkA5FwFLd/+hH7mQcBxpyFM=","PWxQNuAdHaUYYJ2+4RwXjmMZyOYSfqqRMqquq6lpqno=","HJp/fRYHD1jl2z4VTn6tXlyXFmRNeb64JqYrkXXUODM=","q0W+EyxnHwjPgInD7oSkmedE/PfJ/chk3PYArko8Mu8=","+3r3UjO1nNhvpnprSVcKgfMrL+YE/skGfnDeoZc67ko=","xObWe+evwOTHOh9Q/RSgGPh8nDSPDtIaMuONq+FGbAQ=","TshLvYA8VKnCe/TwZLUhBes1qb7vvChxQnfvpw65t/0=","AUTcs3xoJjNyVX8Syw3JsCJQwGUIwB0vgesKJ9QfUtA=","wdCVWSixT4zty5xJXHDTa6Ie6MRufFTEm2+/tcHyR7s=","Cq93gmpLaY0WDSisyA91JQG0b4OY5h9Z9n4AUraSpks=","0BZlSmP54YrWAbGTCwiozIj+ElUaqTQShKuCwCDuXDo=","AnZQGLlVuoRZa9TV4ojLNz8liL0y7up+pvBr9kJG4hA=","ioxHuqEwyCrFInNb8C1DC2yAynZdsJNJxuhjWt6RNUg=","RtZgang9e/V8IUBeK3Vr7mqFTF5blH0cckr+UZZMdvA=","rLxNLi22O1M83ubg3SByTY8L1kiVhh9dQCPzlLDVztA=","ua6idj/G7WK2CVVbTaQz0dFeuRprjhiyPKyfN49zS58=","tUDOs7kPlynxIEqCysJ+Fn9ggYqdzn7U0dgTG1S3ohk=","hr1o6bkUGXUlLSTpksrGU0+tNxAS3jXlD7Qba+zXncg=","FBy4PQKm9FcobURDINJtE0Ux4mtXE0pDzVm/i9jOtiU=","DLpwFUgXeYVnJkwOK1wrlAZG/r44OL7bDFz4WUrojGA=","OQjmYqTllZsIQ9IYp7N9QIYpA9NnoAV57vBVWBe+GxY=","YC+SH+dCWYjI6/uofXiWoSxi0Hmlv05vpGM5Ai+eROk=","vQCKZGguHSRQKLbj29J0TfNnadEDKPaXMoeNAsL6nIE=","1qnLsu15Yn1f04BZ44aRAXAjHZXtcrJfT4izMcghV8I=","mpW4/1U22VEOILSrMF+QjoHxnxSN+qRrccYaicVqNlM=","Cn4um1HVtbeGyzkq62ehwdtvSAGlJm5ELfXXNhjdtFI=","gbQEXhCapzn4gDp9VphCHa2qDia1OzOyVnlCpg6UbQg=","h/8CkC96N8klHa4w25Qz3YYQrDoqQtta/FR4a/hvAXs=","Zoviuwzdbndf3MLA2+Z38J3+gNXImm3/zM2t3DLth5E=","93Dq1eSyLNZjU3ATNyHlRUozbqcQij7/DdgQxeq91dQ=","iVcBsdSGETxI7OO8HCd8aqV7Cg1bKFVVQo81kXoDEII=","ehv42MnwDvGXWNNpbtGHmgrIIV3R3Xc/DHzDvG4B07I=","haFF0+veiwrrG0k4S4DkUK2Q347UWkfjDmSv3DnZ9mY=","6IZOvdsusQjX52K6q2C9cP9n0MjQ9spzq4MgQKyIwY8=","elACphvp71y++ngyd07FlwbIHRXG5HUIXFKOjfg9/ws=","WLuShyYHEgImTghh6kHkcdIB7tjefzc9/XGvzixePak=","gOY91ngYBa2P49r5CnfMH67+mAWjBPJO3Dh3TgXdJTI=","s0Mj1tc3DTdlW/u2Fssme/8vlKhSVj3eeFbz5LvLRvo=","AzkTf09NA2Gd7NslOBe9/y+Jvr0a5kEGyPAw9DSLOH8=","8+FNn2iik90FFvpFuJgA3UlpnG8GhwdEveX4IlvvIzo=","izU5NcdjCUeU6fGIoNgx9KpVGGOBteKD+gwEoh7cTjU=","MN0huRcqx5LgVsg799Sf1BgXOz5BD+4ZWA1c0Dv+5Pg=","oNUNcUJ67YzisdnYeVf7+Emv4p6Jl5kb7NKADXSEYUk=","RfXlo2C/jgdXQY1msReQmoeqCYHXGrGlWx9CGIbsUfM=","1oozuy3FoI/HoUhVLXIKrkrAKNAQeeUKHz+E6ehQos0=","ppk2vadJUv4eyHkaI4jj1EL1WUFNKqFW5iwlHv9qbNc=","I7CuJMv5WXRtiWZyOWczAfVUtOOypZ6+BZz+Xs6PBqk=","fjovaSA9hhzSpNUWg0kYXiv7JHdhg8Kg2jS8nYzqXy0=","ccOhKWge6Eve10ph94bNGTL8QdI1EyCCYkSS0wHaaLA=","WsVGywgTIbSKX/FXB6Ul4zak+YBygPF1+hGKNuG3dmA=","84Ik7lcG++S7NyCvZa26fUwFvHSsWvuAucacsT3d5CY=","rPriYQqtWsym9Y9jO0gsJFzohBL8lMmsfY42jiQ7Aeo=","aAjrEXXFj1JuomsvQWIolpmZDQ9shRrb4E4juPbRo+0=","wIk0RzGbanZ1mfnnmYaxrKL+RPFx2wWYhG+UH1SHmfc=","24bqZEIUX0PJ0pw2spwecoC2saxUXNzAzaO45LAHxFc=","X5TC9XwqUK5HpQVwljfZe54+/5MusXQkBfXVKqXC5mU=","GCe4wb+0inR+o6i3xVcx6/lUrvcAybm5ur7e+Oh1bOk=","UDpLdlzjkNmdiBodUttXXdqt/zl4dlB3/gs7fwTYH8M=","0O1MG3SF8oueFimiR0ZzlZ/ziw3ZACftICevcZfwlpA=","3CFju+JnzYZ2A1zmX+ezwMUx0aOYloP7JCt28eqe+DQ=","H9kZsGdCAbBjaHO2ecrRIz4xzU1Fi+sduCa6uBHN+qU=","rQju/XbFvTmWPBz4f9efBnQtGw5I2PG1qT4l2gcYnWA=","U/hO3YL1ZECAQ8l+mEZBpwUyGUNvrg5+0nfW3gzMmyQ=","F5Oibc0QxN8zfstdhjX1haXTUZ5suVYzx4vm8gXpcC8=","VV4jb5Mmujld9yDvCdnkrzHwLIKCpIGoTgfz/o5HrxA=","pZaURY24ZQek7h/awl8bP1RJym8QNLRGhdYEyuiSuUk=","B9GdOaTyuMCQIjS3rtyFIP+E2V9NXr0AZJlCWjEEvT0=","DzPTFNKIr+DnDjV5Kjv0bRbrO2R6/KGBhqYMQUwJjf8=","hWzEBln3tU82jy4tNaq5FhZkuq1OaAiGbF1jCjVsEXM=","LPRkx8JSMUY3P1VP/sZh+DrPfV3yjWFZLNagGhPa67g=","DNhLO2tPD+mAE1Q2tmML1Xdvcg8b676tmDnaOB5hitc=","QLuJQ5ezqu8RafDdbeQ1nyNAVP5mKlr7ZK6PBBCdt3U=","HzdmpN0d9fSYFt2xqQQyekDQWmZi8KARpJ7sPPJqc0Y=","tzB5wU9cvhiLoTZRL2kxdomfVFLncxj5dcHvnWFzhnQ=","CLDV7WVAknU3OlpKQGejzkmJABqXlKORTp+jufJj9qo=","J2j9E32ehPDvEAX7slh1RDZ+QwWdspgH5yGnSd0FCqI=","zeKGm8R4V4tLy69Dr0aiM1f+ccNxUhGxPT4wwVFXXQo=","9fNaVxRZYjS34TyCQhyDqUteH56c9QNPBAEFkYRn9z8=","tA/ujEb68wdKCoPul6UY03fod8ollqBiyyOhOC1qIIw=","s+4Ug6M0aGB+qG/0KU8VWvLXxFx4uybBeAAr9nfRLeg=","hMYQenh9iN4LePkgM58HmgWEqidXGGq5/GWEX00yr8c=","7csVdh/qgsQnspXNmOFdxfXrZq+IUtawEwSeEHUYgp0=","oYyEVXzLl4zEqoMkaoDgRT85UfvD4yPnymyCI9q/Qb8=","Iw6jv+5SDf4jkQgPzPNjVCHBCNotgVuPD15oeIevuxU=","BzNhPQ51npiSn2J33JU1uXKrSKK/xaJ/hfGfD3GDTKA=","4M9yTMrV19baRFehqZ76OAl0xedWg+RExTXYXi5XJ2Y=","jObeJUGiryM61wvUApPCDpLriqd8SIjJz/0kWNK44g4=","/9PxnJ5TrDG6Nh0+qxCtQTBkU4NvyMBMsFO7PKR+yDA=","uqqZ5/3u9tzqPK4AP8E5waLbdaEyMwwIXJuTECx8/+I=","04PIisxKtHOv5WabCOauWps9xruMV/XnQjYtGxnU28Q=","0JxUsXed9Ptfi6rQZINJlHQLPtCGbiZSuD/ZZhDAlBc=","tb4s5lk/OeSDblnGX7Bd/2mc9oD8PwyI//MmtPOnmdc=","U6iiE8wWmvEhScUpHGtd1av9tsSMZc4LWBunLWKsvX0=","tiwI9hvlyX89gm15r4zd9ceMAU1sT00gMFOtk5/68S0=","/r6Ne5u8uHj1y/OAiopfpz6JeW+Q417bjrSC6jEJBtc=","N1mJzH8EkTojZmAQIzFOujN1DZYtT+v2dKY8IKqCesE=","bAD7oKbqiIaHqQ6NeE2UqrSlsXKvOAI4EIy74ecm9u4=","IyeUujfWLbaHsj7Wdd5rD4F3UNmr+bDmNiKzhmNKaKw=","z3wOtVdIm3CM1pcT2v0k7riktOugzbADF6isyGEw/Nk=","k/P7Q7Ws+CCnNUllQAxgGot2QF3XW1biueaWqXk3iCE=","2fNMD/KpqHMwfRQ7+GATWlxm/o9Lpqlget308oK+/TE=","2qghcVmvgzDI2W7bJ+MNL1Gl4JOdv9F1poK/qbNId5Y=","FmLRGVSsB+OpCzH3KmOYsumL7dhrdQBR7HaNjdOyEHU=","Gjp+azNN4KNqcMVFUQgcWkV9QSksq16Ak79abi9tAMc=","8cOCrfIxvQ9vkLQ4lo2K/APb38lhtF6WGc5BaB7NtyM=","ueD/Bf6ym3K/MFLWCxJLi26X64VZliVreuGqt+0uUx8=","MFrSvYq8sFd6LxwY9J3xzo6X5VsnYNzN4BZKU7h/xAE=","0I0Y2ctXVFW2xhu5gL+Sj+uWldxw+9FwLTpUABwkHV4=","JyQsi/J0wytDaYILYPNbZcPxjCOZY+u6MvHEEM94nQ0=","NpCw5wFQxSeM+7LYmvmZ04ffF70UlK1e5bmZ9ANMqVE=","vTkyDDxxILoDVmclmcNRJWrfg9QiviIFPufxoEH3wak=","JA6weY9kzn85mSGBUu9+JnDUqDtn+tXe2HmyYMI+Qjs=","PwMffJMUgmZVy9NNNqtFF+7p3zUwJIZqUC5zTH9BQuw=","sENNT3dD1TkXkKzPbX0TQ9juCd8YKFFLbiJ9VeoR8Bo=","4qRNcdLt2W1Csh+Dwi6vfqI5lZWv3HcpS+sK4Knoh6s=","q1jH+tVhSRuZmkeQ4B0TwqbqQVZXjt7/ugWXPIHqv4s=","9yESKCMyAvX21rb0S0RdA4a1Hc6Kp3bEP3fcbBPumN4=","hd+P8JgvO9jYQiUMdjATUkc+WOziXbxxQdWRyUhHEMA=","m+JsHPIgEsra2WaKxTa5g/iSLBT/61guqQXL5yuYwlk="],"block_size":4096,"path":"lib/src-noconflict/ace.js"},{"block_hashes":["/Kdo/tBEMiFQ1vBY09fyfx3C2tHpmV1RvO68fJqv0Vc=","8gH0I8O/Rk6fQJEiv9kjIsvIZ1HHq9eW7eywIa57kGQ=","Ljl2BWWt4NF5S6GbbhhJhBOWDSd+c32W4B75OyQv0/M=","aJLz8PNt03kxcd80O4pLFVSVUxQs0z7fX7xaUVakJqg=","XezYaz+DY064bQ8mLaczVvffDz87gCV8URBNb8AwMfE="],"block_size":4096,"path":"lib/src-noconflict/mode-json.js"},{"block_hashes":["lypa1IxYA24O/9C+30j+I+lkjRDaFjMKgRqSqnF9DYM=","uSnGwyElEUgeEp+KR95kXA5gRufEXiUE8QWza4+l0gM=","kzSsLP1AJcNU1mWxZZTgnw2j/0f0AYGukMg6++8yExw=","HmELGXhacxwwkA/rsOU27lJBubH97TkpTuI2ED0btrM=","TUr3bjadY+ZHEPHIu0BAsjcisQgFwt3nUI4NUCbXols=","3L7B0moaCSI03tPHVCb51juI6x4eGAtH76c+pVZ5cRo=","gqImmnm+o6dk9VtftOcjvv6RJ5LNj82cP+HbgDCZlQ4="],"block_size":4096,"path":"lib/src-noconflict/mode-sense.js"},{"block_hashes":["sUcIli4tQDlPH80qYAqtGr67lwo7vqpP4yXkAPKEKhw=","VxC28iYWdxzrnXh7In1i0zrWwTjPczj+jcJ3FZFpjKA="],"block_size":4096,"path":"lib/src-noconflict/theme-monokai.js"},{"block_hashes":["JVvgFbqsDrL7zfVVwGI5OsD4YBMof7/j0rRcQo44GYU=","1GJeyPA7Yhg8Hty+KBcTgMPEh1yTu0a3Be3dmXYp5o4=","Imk5ZD/tGIhgckHzssQ3pgyRywXazdsm32wREoAwijY=","1plb+20z0wsy2my2vLxjbWYribsPIlMhdOvd549depg=","042rtS38AfQterD1PPqom7x6u5Zp2T7VCsks/vEnZCs=","ykuE181CNxz9r6tQywB9t7371wz2CPnhbQJTb7hswK4=","vRKqTxjZzMw7rb+bumGUV/DOGOViD9Vw/vU2E4ltaYw=","V6ohWtQrzIaISklMdIRqhyu7BGxtdamaTmX6YRwvhxA=","Wf1K4rt1ERWf1+O99FVc1thi79kXaYKhnkBV2NUpTco=","9priTrYPF5WmmbwCD6ylSECwh/93Ztu+1mZwB5yLKPE=","fpKJ0VRXvZZ2+fJBOW2ycnTQmIJU8iIvuAc5lDIEGUc=","etbJO49Nijxf7TFAjMbtc4N2cDgibAFsqonbiY0w5+k=","So1QhwrsuUudxk8hjk/9uF0SRyRhWHB8hTccp+gBvrM=","yXwl2OsP4jt2JgFxJSlu4aPeoEc+f5IR2UQse2IAPB0=","3RlUNi2hdhzxYy1McQRcHVEMPlF1DhOMOOTKKVSKuFs=","9JKwhWZNdX7kaz9aPzXCiHV5xcJa4roES4L8usdN3oo=","fHEfdUxdw9z3H5njfyBx3RopBFWQG9l5aM9mLWqy+TQ="],"block_size":4096,"path":"lib/src-noconflict/worker-json.js"},{"block_hashes":["ZF1HKuy7rItc8/E6kGbQeWoy1CbhsmbFvGQfi+KFy8A=","iwDgQ9/tDYaZUuuktQlYKfol7A9MVC5RpOFWQj+disA=","MVMfMX6vgwN3pXINJjZ5vVuWgY9PepGDEMvPhBHIOD0=","48qrFhUm0myw9KV5vqAB8A6kBQq8o5C4Ow877PYAOU0=","rFKoybgOqpfdSawKK2AshwQkadtS/D2Dk8m4iT7HKIQ=","esJWtOvy/uROmmB2XmGDXfHqjjJueX0Owu4+EpNpfFU=","+sGDCI5FBtdQG7IPUSWQ6Tq7lmc4EnDUJpgwhfsBqRc=","4GxhZIlvMFN+myyaonAT9YXLANbi36J8NGiYj4hLjZk=","+UrV9qhqqkG9VcJnQxgsvoJ9+gsj8rRqs83TUH3AJLI=","injx2jI6ySsUERHnFVIxFGNcuL5hRfM/NmO0XzHwX7k=","tnQCuQYUf+HffDW9U5tXhbB6VTuJ5R3J7lGoq8SP1fI=","rdPQhM+OL/ddSH+0ZlKdRRH0iMTJR3FZwdM1VLe4Zvg=","2XVugRmd2IQv2tpxt95FRU+eamye8Hj1utjp2eP44rc=","iyX/Myj6AoHXLcyVH7PqHxHT10ju+yhHs1I9Aap1qgc=","vfjFwPuC7mVlAsiCvZRI3E8ekF+yS6dzhhnM54IUdbs=","3XVkMXnxGUvhPLZDyZ7OVAfw7knthhiADnMMEWHJJ4U=","Zpk72R9NoHnKa9aBkuHM/6LtmOCki3azuQjUWAN98GQ=","S9MrbPRtS+mYrkN+bFvskkqp1Vn72eLycAo5wKB7ETs=","3FdHyxzzBiMcuJmrccXzS5mDdknJn8rj+Ln3lPc0x8E="],"block_size":4096,"path":"lib/src-noconflict/worker-sense.js"},{"block_hashes":["ZmkzEoYx+wwbFK5qLQ+TBqqg7dws+Pd6W8EY0dR/QnI="],"block_size":4096,"path":"package.sh"},{"block_hashes":["+y0V2ilnHlqHk4jYPBD2qwKZFC3WgUs1nURc+SbRihA="],"block_size":4096,"path":"sense.css"},{"block_hashes":["vM5gTJKBSKsh3n0tIecmx4gp5rGeFeuFmeW8hQsJKdc=","nBmusYQAlpIanddAlEWsGQq6GFlMqAoX3eYfUSDhEII=","9UaptLgfwtTjBEappL+RgVAhz077XmfvtprHV61RbZU=","8OnTZvaB2OnEOpiJ04YRcBNP4oM/88gBKGKTQtO+lis=","8uics2uMwNhyxcN0x2DuAV49BqG7ghbdha4dx4r0Efc=","IJoo6hYvQaqC0dh5U1U0CV1oSp7ULx6dyZwerFbfoug=","DEk+I/ntdHM3fJx5NGVZiD0uPk0gjZfC2nPgV8YAYMo=","hdBkR32iCbAtPjeLInCh2ZTtU7uBuK9SkEbK57HT6TM=","Sz58fRe8RxspH7XsN1suvqKDkj+xZYB/9eQ84TrxN/o=","mnqSCJ289UGqXeDYvMWOcUMSd857OvQDUXLjvPcKUzk=","0NR5Bjk3X+yRGOGNvNsyzwcMl1565vEoaR5e6ubBjrM=","uo3fjZU7SEEkYpe7/1MIQ0LbMQcJSRM0ou2DJ1gfv1c=","9DXkI0WL5poqAChhGWodrkk/YaABXyDasoOnC6GwdXw=","W1GtQAVK95a8/kXrW+W4i37EkOCgu2g1F+jYyPyFres="],"block_size":4096,"path":"src/autocomplete.js"},{"block_hashes":["raDjgA6htZjstK4jnqyMllpXS9FJYUWlgjnequoNxCA="],"block_size":4096,"path":"src/background.js"},{"block_hashes":["S9VYPfTUN2FghyvlrKn0vJgoBmL5X7qhasStq2wVtxs=","oMMuoJg457WSz/UoKLJAiLr2wDh9bwQkBEpsaSuYyio=","oP9fHXETtLbWNJYsZR7dtwo0m9Oa4YnEbm/H1uEOEf0=","NcybJaWiR9dmklbffU6Tt0Rrmpx/pHX/dbemLcrc7gg=","AZt+Cwd6LqrudG51AwzYm0Z0xb95XhhBUtuh6pJ53og="],"block_size":4096,"path":"src/base.js"},{"block_hashes":["EexojAAzMOCKlFnA/2JmmgislxJCL/zhvgPmeygliec="],"block_size":4096,"path":"src/curl.js"},{"block_hashes":["QKGH+Zj82tduBeaZBzgIVkp216hw9pJ1gY3+/7NW2z4=","WFUd+2a26Kfa1HBIdGBihoqyMrCBHevy2NgQRALL2ns="],"block_size":4096,"path":"src/history.js"},{"block_hashes":["DSGM6C+hflR5MiofWMAXMuNAmX7rY/Ge7YWt96e4QWQ=","WwD6QYpsCNyo6guJZDDTMdfm2a/HknLEHV9iHjNFiHE="],"block_size":4096,"path":"src/kb.js"},{"block_hashes":["yGTa49Ej1RViibEHJf3zt2pLlgSa1ri1MXeS+3Y6AMI=","e6IYDALF5iX7aKsuon2J3W2howCW/XW+v/NerY/07Kw="],"block_size":4096,"path":"src/mappings.js"},{"block_hashes":["q+AwFJBYis9NwcL97zSstK91anBkfUwmKwNBfi7rPWM=","rTpnh6aRIJtYiIJm57NmzNY8zP6K/eUyszVGT7zCumM=","/QQb3+WdLYZgeotgqzBX5DT9sxF6UoSzKs8je4hTVR8="],"block_size":4096,"path":"src/utils.js"},{"block_hashes":["JMe0UHFNcbgmAiEgP88jrFnoozKwapSW3tyCl8geMsc="],"block_size":4096,"path":"tests/index.html"},{"block_hashes":["OsV2bH+OOpxYXC0BE+FkXVAYeq8cR/qZD15+9gW1LqI=","nGbcaFgASnE9olwxB8urtHDNrQbtq0N8cDfGSgxhU9w="],"block_size":4096,"path":"tests/lib/qunit-1.10.0.css"},{"block_hashes":["ehLBWTS079lpeKyidp9qyT2bwr8yMgnX4JL6xPefKE8=","WGOjXh+sMCB31bDenbAjlo9RJptRnLgmI0H71/a+IQ4=","GfThDVETiHsxoo/iDgHCgpebf7yGXQSktIwHwXrhioQ=","z757HA2BDrjq8W5Dy29+9RqW1roVlu207v4FpIG4An8=","200NdUzMQapml9uhCyQ00EGfR/8GPR/TSym71L3VIYw=","l7Y3Bkv7ZFRiE31yPeBLv1aA3JDepC77RxZ4uvfQ66g=","ySgxHIsB8GITVYEto/sHkGvlXT1vEvODGVqHzVmqAVw=","CwhFYoQ8FC/YW4vfDRalynWzu5GHXcCREMtrK7HuzIo=","B2Z+jWXJhONDDqXr2w6734BuecBqq+gy70Fvt5NOVB4=","4KtAmGUSSLeI/80QlT/ZiJvdX2+i5xlRIT17NwfC0bQ=","o9TWfpFTo5ROq3SVyTbK7vAWFhazlpKGNmYOHctfSBk=","qm0pOY+dsDsi5/y7npfkqf18UTKIu1jX3ka8SLrVXLw=","a3RCRqcGnaesY/I7cxiaMR++2c/avkLqcF7rzL7bNYM=","tYSy3km+1spOEKhklNtyI5HXM06Xy7L7RmCAV1ncTaM=","e1Q6KJt3r4GDIwHhTQYSdCkIiG0L/D9l1NY29sEq8Bw="],"block_size":4096,"path":"tests/lib/qunit-1.10.0.js"},{"block_hashes":["6v694zQ2GH3+hmU+H+WKAbF2wExPZ70Y+5p1DpNBxw8="],"block_size":4096,"path":"tests/phantomjs.runner.js"},{"block_hashes":["ZCvN/yME3yD654zoqV4p/KAj57pI4UYbNj/k2bKUAp0="],"block_size":4096,"path":"tests/src/autocomplete_tests.js"},{"block_hashes":["fN0V68yvlkSKG0YiRmz8hAsoC54n6phfaFZZvtS9OfU="],"block_size":4096,"path":"tests/src/curl_tests.js"},{"block_hashes":["pmVNkBM1/J2QCCIk/m/E+KjE0K0wkdKTjOFlACYgvsE=","UExhZ8vSA/i5RhAqj6ZE7eTPW9XKy7BiTv9sY41VMN8=","jcAujVAKQhcBh/23dXDzJRKgnc/ewjN8sm7+Lx4mmtY=","a/6zEEXEck1zygHG95HPN7fv5bjia97bNhyq0xiLgug=","PRwYlrbFuTI2jFAP/CjnCSKkYNerBLRnXlCFYxHeH/w=","rXo8G65X1hphZL7WGOl5wAVcwnH3s1UXUHPQKt/fABU="],"block_size":4096,"path":"tests/src/integration_tests.js"},{"block_hashes":["092nY8thtouhB1M3Qw6i8zktoYk7jK1OuAC7evVNBGY="],"block_size":4096,"path":"tests/src/kb_tests.js"},{"block_hashes":["D2lMxXAui/+CsOAZGx1Ls3ekUD31thpVF+K2qWddFfY=","YS9pfTvnTw1Md9WtcTv53z5TzLu9phNhXec8RRs3GWE="],"block_size":4096,"path":"tests/src/mapping_tests.js"},{"block_hashes":["DMUcULlasASgIZpTDARs/mO1rMH4sl10vwAu/pksqXk=","tkzrawOWX8LLWNGPFOjkKAu+RGJMMosHeiiqDftwRN8="],"block_size":4096,"path":"tests/src/tokenization_tests.js"},{"block_hashes":["S4WIZ/F75GvnKUfbOyHLK9p72AUE2JQTIdnO74c69j0=","I6au9tpEP0zbZGGsm8upIg1yt4wX8nEUc6M7cgL4Tcs="],"block_size":4096,"path":"tests/src/utils_tests.js"},{"block_hashes":["SAobP1nkqhHyaKRE/ySt9WHlrzC4u5aF2gObKf4bS9o="],"block_size":4096,"path":"welcome.html"}],"version":2}